{
  "amazon_satellite_1.jpg": [
    -3.4653,
    -62.2159
  ],
  "amazon_satellite_2.jpg": [
    -3.3653,
    -62.115899999999996
  ],
  "amazon_satellite_3.jpg": [
    -3.2653,
    -62.015899999999995
  ]
}