site_id,archaeological_probability
site_000,0.8550967245662914
site_001,0.09629875811408549
site_002,0.40059328804764094
site_003,0.46036364327225027
